sample,time,x,y,confidence,handlabeller1,handlabeller2,handlabeller_final,subj_id,stim_id,use_this_saccade,saccade_id,time_sacon,time_sacoff,x_sacon,y_sacon,handlabeller_daccord,dist_sacon,dir_sacon,dataset,pupil_x,pupil_y,time_PSOon,samp_freq,what
1,5784502.044,948.0222,705.8047,NA,1,4,NA,TH34,img_Europe_labelled,TRUE,Nystrom_TH34_img_Europe_labelled_9,-42.0099999997765,-112.029000000097,-0.15129149233695,0.087105492064463,FALSE,0.174575148292457,150.068980443906,Nystrom,20,23,-82.0190000003204,2,FIX
2,5784504.047,948.6993,705.3544,NA,1,4,NA,TH34,img_Europe_labelled,TRUE,Nystrom_TH34_img_Europe_labelled_9,-40.0069999992847,-110.025999999605,-0.129806253665554,0.072816904006969,FALSE,0.148835362061058,150.709053574671,Nystrom,21,23,-80.0159999998286,2,FIX
3,5784506.045,948.5927,705.1389,NA,1,4,NA,TH34,img_Europe_labelled,TRUE,Nystrom_TH34_img_Europe_labelled_9,-38.0089999996126,-108.027999999933,-0.133188806379141,0.065978816673213,FALSE,0.148635333599713,153.647192937123,Nystrom,21,24,-78.0180000001565,2,FIX
4,5784508.056,949.1471,704.1922,NA,1,4,NA,TH34,img_Europe_labelled,TRUE,Nystrom_TH34_img_Europe_labelled_9,-35.9979999996722,-106.016999999993,-0.115596993767383,0.035938829300282,FALSE,0.121054799242042,162.729655400043,Nystrom,20,24,-76.0070000002161,2,FIX
5,5784510.056,949.2418,703.8869,NA,1,4,NA,TH34,img_Europe_labelled,TRUE,Nystrom_TH34_img_Europe_labelled_9,-33.9979999996722,-104.016999999993,-0.112592043092179,0.026251274483598,FALSE,0.115611840136226,166.875727768473,Nystrom,21,24,-74.0070000002161,2,FIX
6,5784512.051,949.2217,703.8252,NA,1,4,NA,TH34,img_Europe_labelled,TRUE,Nystrom_TH34_img_Europe_labelled_9,-32.0029999995604,-102.021999999881,-0.113229841493145,0.024293455511475,FALSE,0.115806601647966,167.890769418873,Nystrom,20,24,-72.0120000001043,2,FIX
7,5784514.052,948.9539,703.0455,NA,1,4,NA,TH34,img_Europe_labelled,TRUE,Nystrom_TH34_img_Europe_labelled_9,-30.0019999993965,-100.020999999717,-0.121727473919967,-0.000447410818592,FALSE,0.121728296149157,180.210590389767,Nystrom,21,24,-70.0109999999404,2,FIX
8,5784516.047,949.8874,703.5983,NA,1,4,NA,TH34,img_Europe_labelled,TRUE,Nystrom_TH34_img_Europe_labelled_9,-28.0069999992847,-98.0259999996051,-0.092106339228271,0.0170936317712,FALSE,0.093679079698526,169.486330224864,Nystrom,21,24,-68.0159999998286,2,FIX
9,5784518.044,951.1107,703.7138,NA,1,4,NA,TH34,img_Europe_labelled,TRUE,Nystrom_TH34_img_Europe_labelled_9,-26.0099999997765,-96.0290000000969,-0.053289484307701,0.020758592731983,FALSE,0.057189931893586,158.716903227722,Nystrom,22,24,-66.0190000003204,2,FIX
10,5784520.053,952.0178,703.0817,NA,1,4,NA,TH34,img_Europe_labelled,TRUE,Nystrom_TH34_img_Europe_labelled_9,-24.0009999992326,-94.019999999553,-0.024506054978468,0.000701260928424,FALSE,0.024516086504527,178.360881430575,Nystrom,20,24,-64.0099999997765,2,FIX
11,5784522.053,952.2777,702.9668,NA,1,4,NA,TH34,img_Europe_labelled,TRUE,Nystrom_TH34_img_Europe_labelled_9,-22.0009999992326,-92.019999999553,-0.016259099535113,-0.002944661274119,FALSE,0.016523599720158,190.265481459836,Nystrom,21,24,-62.0099999997765,2,FIX
12,5784524.053,952.0523,702.4604,NA,1,4,NA,TH34,img_Europe_labelled,TRUE,Nystrom_TH34_img_Europe_labelled_9,-20.0009999992326,-90.019999999553,-0.023411326379793,-0.01901337322685,FALSE,0.030159551792504,219.081577710467,Nystrom,21,24,-60.0099999997765,2,FIX
13,5784526.053,951.5434,701.9993,NA,1,4,NA,TH34,img_Europe_labelled,TRUE,Nystrom_TH34_img_Europe_labelled_9,-18.0009999992326,-88.019999999553,-0.039559366491847,-0.033644658932629,FALSE,0.051931748978146,220.380674688511,Nystrom,21,24,-58.0099999997765,2,FIX
14,5784528.054,951.4952,701.6402,NA,1,4,NA,TH34,img_Europe_labelled,TRUE,Nystrom_TH34_img_Europe_labelled_9,-16,-86.0190000003204,-0.041088813403622,-0.045039355737969,FALSE,0.060965844144152,227.626212385632,Nystrom,21,24,-56.0090000005439,2,FIX
15,5784530.054,952.0411,701.5263,NA,1,4,NA,TH34,img_Europe_labelled,TRUE,Nystrom_TH34_img_Europe_labelled_9,-14,-84.0190000003204,-0.023766716533564,-0.048653546676787,FALSE,0.054148170966497,243.965005253519,Nystrom,20,24,-54.0090000005439,2,FIX
16,5784532.055,951.284,701.504,NA,1,4,NA,TH34,img_Europe_labelled,TRUE,Nystrom_TH34_img_Europe_labelled_9,-11.9989999998361,-82.0180000001565,-0.047790456303338,-0.049361153857959,FALSE,0.068705539979468,225.926248167311,Nystrom,21,24,-52.00800000038,2,FIX
17,5784534.055,951.6064,702.2362,NA,1,4,NA,TH34,img_Europe_labelled,TRUE,Nystrom_TH34_img_Europe_labelled_9,-9.99899999983609,-80.0180000001565,-0.037560296876875,-0.026127522555054,FALSE,0.04575394339665,214.823070927039,Nystrom,20,24,-50.00800000038,2,FIX
18,5784536.055,951.3472,703.1103,NA,1,4,NA,TH34,img_Europe_labelled,TRUE,Nystrom_TH34_img_Europe_labelled_9,-7.99899999983609,-78.0180000001565,-0.045785040435618,0.001608775071097,FALSE,0.045813295940377,177.987593459476,Nystrom,20,24,-48.00800000038,2,FIX
19,5784538.053,952.1942,702.8859,NA,1,4,NA,TH34,img_Europe_labelled,TRUE,Nystrom_TH34_img_Europe_labelled_9,-6.00099999923259,-76.019999999553,-0.018908660056543,-0.005511720509855,FALSE,0.019695595652649,196.250973875544,Nystrom,20,24,-46.0099999997765,2,FIX
20,5784540.054,952.9366,702.8737,NA,1,4,NA,TH34,img_Europe_labelled,TRUE,Nystrom_TH34_img_Europe_labelled_9,-4,-74.0190000003204,0.004648630136403,-0.005898841927357,FALSE,0.007510399338852,308.240163397326,Nystrom,20,24,-44.0090000005439,2,FIX
21,5784542.054,953.4694,702.8272,NA,1,4,NA,TH34,img_Europe_labelled,TRUE,Nystrom_TH34_img_Europe_labelled_9,-2,-72.0190000003204,0.021555047451598,-0.007374345690791,FALSE,0.022781594435156,341.11331651541,Nystrom,20,24,-42.0090000005439,2,FIX
22,5784544.054,952.7901,703.0596,NA,2,4,NA,TH34,img_Europe_labelled,TRUE,Nystrom_TH34_img_Europe_labelled_9,0,-70.0190000003204,0,0,FALSE,0,0,Nystrom,20,24,-40.0090000005439,2,SAC
23,5784546.054,951.8779,703.9027,NA,2,4,NA,TH34,img_Europe_labelled,TRUE,Nystrom_TH34_img_Europe_labelled_9,2,-68.0190000003204,-0.028945258774257,0.026752628450528,FALSE,0.039414859311187,137.254369667821,Nystrom,21,24,-38.0090000005439,2,SAC
24,5784548.055,952.1187,704.6191,NA,2,4,NA,TH34,img_Europe_labelled,TRUE,Nystrom_TH34_img_Europe_labelled_9,4.00100000016391,-66.0180000001565,-0.021304370468138,0.049484905786502,FALSE,0.053876080979807,113.292970477598,Nystrom,20,24,-36.00800000038,2,SAC
25,5784550.057,951.5683,705.4228,NA,2,2,NA,TH34,img_Europe_labelled,TRUE,Nystrom_TH34_img_Europe_labelled_9,6.00300000049174,-64.0159999998286,-0.038769258024977,0.074987322446082,TRUE,0.084416549890646,117.339453544395,Nystrom,21,24,-34.0060000000522,2,SAC
26,5784552.062,950.3182,706.9475,NA,2,2,NA,TH34,img_Europe_labelled,TRUE,Nystrom_TH34_img_Europe_labelled_9,8.00800000037998,-62.0109999999404,-0.078436510813503,0.12336798025479,TRUE,0.146191466169346,122.447919237934,Nystrom,21,24,-32.0010000001639,2,SAC
27,5784554.064,941.0148,706.6049,NA,2,2,NA,TH34,img_Europe_labelled,TRUE,Nystrom_TH34_img_Europe_labelled_9,10.0100000007078,-60.0089999996126,-0.373645149796612,0.112496849300988,TRUE,0.3902130688088,163.244035199064,Nystrom,21,23,-29.9989999998361,2,SAC
28,5784556.059,925.71,702.5182,NA,2,2,NA,TH34,img_Europe_labelled,TRUE,Nystrom_TH34_img_Europe_labelled_9,12.0050000008196,-58.0139999995008,-0.859285794927281,-0.017179306183274,TRUE,0.859457506759205,181.145335619607,Nystrom,20,23,-28.0039999997243,2,SAC
29,5784558.055,906.9559,698.5166,NA,2,2,NA,TH34,img_Europe_labelled,TRUE,Nystrom_TH34_img_Europe_labelled_9,14.0010000001639,-56.0180000001565,-1.45437708804089,-0.144155131124133,TRUE,1.46150382005922,185.660561384056,Nystrom,21,23,-26.00800000038,2,SAC
30,5784560.055,876.6524,693.3427,NA,2,2,NA,TH34,img_Europe_labelled,TRUE,Nystrom_TH34_img_Europe_labelled_9,16.0010000001639,-54.0180000001565,-2.41594543847456,-0.308329516535349,TRUE,2.43554089525365,187.272926930833,Nystrom,21,24,-24.00800000038,2,SAC
31,5784562.055,851.3724,676.3243,NA,2,2,NA,TH34,img_Europe_labelled,TRUE,Nystrom_TH34_img_Europe_labelled_9,18.0010000001639,-52.0180000001565,-3.21811178556196,-0.848344855193274,TRUE,3.32805235200796,194.768092594608,Nystrom,21,24,-22.00800000038,2,SAC
32,5784564.056,831.415,670.671,NA,2,2,NA,TH34,img_Europe_labelled,TRUE,Nystrom_TH34_img_Europe_labelled_9,20.0020000003278,-50.0169999999925,-3.85138530832154,-1.02773120843652,TRUE,3.98615105458253,194.941071355845,Nystrom,21,23,-20.0070000002161,2,SAC
33,5784566.064,801.0017,668.508,NA,2,2,NA,TH34,img_Europe_labelled,TRUE,Nystrom_TH34_img_Europe_labelled_9,22.0100000007078,-48.0089999996126,-4.81643775151274,-1.09636593188391,TRUE,4.93964481220996,192.823731703219,Nystrom,21,23,-17.9989999998361,2,SAC
34,5784568.063,787.4219,666.4848,NA,2,2,NA,TH34,img_Europe_labelled,TRUE,Nystrom_TH34_img_Europe_labelled_9,24.0090000005439,-46.0099999997765,-5.24734196670963,-1.16056462466189,TRUE,5.37415183667234,192.471448226622,Nystrom,22,23,-16,2,SAC
35,5784570.065,772.59,664.26,NA,2,2,NA,TH34,img_Europe_labelled,TRUE,Nystrom_TH34_img_Europe_labelled_9,26.0110000008717,-44.0079999994487,-5.71797689722252,-1.23116034020777,TRUE,5.84901834331805,192.151073734524,Nystrom,21,24,-13.9979999996722,2,SAC
36,5784572.064,754.7128,657.5029,NA,2,2,NA,TH34,img_Europe_labelled,TRUE,Nystrom_TH34_img_Europe_labelled_9,28.0100000007078,-42.0089999996126,-6.28524304517153,-1.44557166235589,TRUE,6.44933776196312,192.952468082961,Nystrom,21,23,-11.9989999998361,2,SAC
37,5784574.064,740.7498,653.1253,NA,2,2,NA,TH34,img_Europe_labelled,TRUE,Nystrom_TH34_img_Europe_labelled_9,30.0100000007078,-40.0089999996126,-6.72830668062965,-1.58447844245912,TRUE,6.9123572479454,193.251391952903,Nystrom,22,23,-9.99899999983609,2,SAC
38,5784576.063,724.4812,643.7837,NA,2,2,NA,TH34,img_Europe_labelled,TRUE,Nystrom_TH34_img_Europe_labelled_9,32.0090000005439,-38.0099999997765,-7.24452991774303,-1.88089921571671,TRUE,7.48471746886665,194.554371486251,Nystrom,22,24,-8,2,SAC
39,5784578.063,707.7039,639.2702,NA,2,2,NA,TH34,img_Europe_labelled,TRUE,Nystrom_TH34_img_Europe_labelled_9,34.0090000005439,-36.0099999997765,-7.77689484871572,-2.02411827456081,TRUE,8.03599080869261,194.588883941433,Nystrom,21,23,-6,2,SAC
40,5784580.067,685.4731,635.4728,NA,2,2,NA,TH34,img_Europe_labelled,TRUE,Nystrom_TH34_img_Europe_labelled_9,36.0130000002682,-34.0060000000522,-8.48230622643845,-2.14461457544807,TRUE,8.74922228522632,194.188960648632,Nystrom,22,23,-3.99600000027567,2,SAC
41,5784582.065,678.082,632.1507,NA,2,2,NA,TH34,img_Europe_labelled,TRUE,Nystrom_TH34_img_Europe_labelled_9,38.0110000008717,-32.0079999994487,-8.71683516979121,-2.25002900668458,TRUE,9.00254663460462,194.473518052085,Nystrom,21,23,-1.99799999967217,2,SAC
42,5784584.063,670.5642,631.0695,NA,3,2,NA,TH34,img_Europe_labelled,TRUE,Nystrom_TH34_img_Europe_labelled_9,40.0090000005439,-30.0099999997765,-8.95538446425852,-2.28433684902916,FALSE,9.24213750939226,194.309839832288,Nystrom,22,23,0,2,PSO
43,5784586.064,663.5093,630.4583,NA,3,2,NA,TH34,img_Europe_labelled,TRUE,Nystrom_TH34_img_Europe_labelled_9,42.0100000007078,-28.0089999996126,-9.17924535674535,-2.30373099742076,FALSE,9.46391683331,194.088631914714,Nystrom,22,23,2.00100000016391,2,PSO
44,5784588.065,659.4791,630.1173,NA,3,2,NA,TH34,img_Europe_labelled,TRUE,Nystrom_TH34_img_Europe_labelled_9,44.0110000008717,-26.0079999994487,-9.30712869582888,-2.3145513583526,FALSE,9.5906096026881,193.965356323861,Nystrom,21,23,4.00200000032783,2,PSO
45,5784590.063,659.5158,631.2533,NA,3,2,NA,TH34,img_Europe_labelled,TRUE,Nystrom_TH34_img_Europe_labelled_9,46.0090000005439,-24.0099999997765,-9.30596415845,-2.27850464275563,FALSE,9.58084298615811,193.757840224498,Nystrom,22,23,6,2,PSO
46,5784592.07,657.3731,631.9517,NA,3,3,NA,TH34,img_Europe_labelled,TRUE,Nystrom_TH34_img_Europe_labelled_9,48.01600000076,-22.0029999995604,-9.37395473724368,-2.2563435281668,TRUE,9.64168623908668,193.533838429254,Nystrom,22,23,8.00700000021607,2,PSO
47,5784594.07,657.3245,633.3368,NA,3,3,NA,TH34,img_Europe_labelled,TRUE,Nystrom_TH34_img_Europe_labelled_9,50.01600000076,-20.0029999995604,-9.37549687666094,-2.21239255477475,TRUE,9.63299654835929,193.277535502306,Nystrom,22,23,10.0070000002161,2,PSO
48,5784596.072,659.8439,634.3801,NA,3,3,NA,TH34,img_Europe_labelled,TRUE,Nystrom_TH34_img_Europe_labelled_9,52.0180000001565,-18.0010000001639,-9.29555313082028,-2.17928732732554,TRUE,9.54759662234137,193.194362113938,Nystrom,22,23,12.0089999996126,2,PSO
49,5784598.066,664.3744,634.5376,NA,3,3,NA,TH34,img_Europe_labelled,TRUE,Nystrom_TH34_img_Europe_labelled_9,54.0120000001043,-16.0070000002161,-9.15179464049277,-2.1742896532881,TRUE,9.40653393329061,193.364594518245,Nystrom,22,23,14.0029999995604,2,PSO
50,5784600.065,668.7274,635.5976,NA,3,3,NA,TH34,img_Europe_labelled,TRUE,Nystrom_TH34_img_Europe_labelled_9,56.0110000008717,-14.0079999994487,-9.01366844947728,-2.14065451373459,TRUE,9.26437373297702,193.35966641296,Nystrom,22,23,16.0020000003278,2,PSO
51,5784602.064,674.161,635.8482,NA,3,3,NA,TH34,img_Europe_labelled,TRUE,Nystrom_TH34_img_Europe_labelled_9,58.0100000007078,-12.0089999996126,-8.84125345487546,-2.13270265904393,TRUE,9.09484377464727,193.561903732211,Nystrom,22,23,18.0010000001639,2,PSO
52,5784604.063,679.3935,636.5344,NA,3,3,NA,TH34,img_Europe_labelled,TRUE,Nystrom_TH34_img_Europe_labelled_9,60.0090000005439,-10.0099999997765,-8.67521961740968,-2.11092866587259,TRUE,8.92835120516058,193.675922066583,Nystrom,21,23,20,2,PSO
53,5784606.064,682.558,636.9424,NA,3,3,NA,TH34,img_Europe_labelled,TRUE,Nystrom_TH34_img_Europe_labelled_9,62.0100000007078,-8.00899999961257,-8.57480603333697,-2.09798231027086,TRUE,8.82773064176528,193.74836477563,Nystrom,21,23,22.0010000001639,2,PSO
54,5784608.063,684.0846,637.5893,NA,3,3,NA,TH34,img_Europe_labelled,TRUE,Nystrom_TH34_img_Europe_labelled_9,64.0090000005439,-6.00999999977648,-8.52636508612717,-2.07745535576411,TRUE,8.77580323031011,193.693349878189,Nystrom,21,23,24,2,PSO
55,5784610.063,685.0378,638.1773,NA,3,1,NA,TH34,img_Europe_labelled,TRUE,Nystrom_TH34_img_Europe_labelled_9,66.0090000005439,-4.00999999977648,-8.49611884554,-2.05879737269103,FALSE,8.74200675241901,193.621467325911,Nystrom,21,23,26,2,PSO
56,5784612.072,684.3558,638.2075,NA,3,1,NA,TH34,img_Europe_labelled,TRUE,Nystrom_TH34_img_Europe_labelled_9,68.0180000001565,-2.00100000016391,-8.51775956740367,-2.05783908852639,FALSE,8.76281517335405,193.582054109248,Nystrom,21,23,28.0089999996126,2,PSO
57,5784614.073,683.424,637.8722,NA,3,1,NA,TH34,img_Europe_labelled,TRUE,Nystrom_TH34_img_Europe_labelled_9,70.0190000003204,0,-8.54732675894703,-2.06847858125497,FALSE,8.79405471698479,193.604196078813,Nystrom,22,23,30.0099999997765,2,PSO
58,5784616.073,683.6777,637.1584,NA,1,1,NA,TH34,img_Europe_labelled,TRUE,Nystrom_TH34_img_Europe_labelled_9,72.0190000003204,2,-8.5392765373388,-2.09112835730524,TRUE,8.79159039013255,193.760006264591,Nystrom,21,23,32.0099999997765,2,FIX
59,5784618.072,683.589,637.0288,NA,1,1,NA,TH34,img_Europe_labelled,TRUE,Nystrom_TH34_img_Europe_labelled_9,74.0180000001565,3.99899999983609,-8.54209110043162,-2.09524072908461,TRUE,8.7953029556058,193.781665796382,Nystrom,22,23,34.0089999996126,2,FIX
60,5784620.074,684.3801,637.2015,NA,1,1,NA,TH34,img_Europe_labelled,TRUE,Nystrom_TH34_img_Europe_labelled_9,76.0200000004843,6.00100000016391,-8.51698849769504,-2.08976073983849,TRUE,8.76961760965893,193.785963403275,Nystrom,21,23,36.0109999999404,2,FIX
61,5784622.074,685.2239,637.103,NA,1,1,NA,TH34,img_Europe_labelled,TRUE,Nystrom_TH34_img_Europe_labelled_9,78.0200000004843,8.00100000016391,-8.4902136573599,-2.09288626931587,TRUE,8.74436394964845,193.847658758606,Nystrom,21,23,38.0109999999404,2,FIX
62,5784624.074,685.6785,636.2546,NA,1,1,NA,TH34,img_Europe_labelled,TRUE,Nystrom_TH34_img_Europe_labelled_9,80.0200000004843,10.0010000001639,-8.47578862486837,-2.11980707346417,TRUE,8.73685154058124,194.041714381664,Nystrom,22,23,40.0109999999404,2,FIX
63,5784626.075,685.251,635.9139,NA,1,1,NA,TH34,img_Europe_labelled,TRUE,Nystrom_TH34_img_Europe_labelled_9,82.0210000006482,12.0020000003278,-8.48935374011283,-2.13061791501688,TRUE,8.75263729538466,194.088823682357,Nystrom,22,23,42.0120000001043,2,FIX
64,5784628.072,684.7201,635.5996,NA,1,1,NA,TH34,img_Europe_labelled,TRUE,Nystrom_TH34_img_Europe_labelled_9,84.0180000001565,13.9989999998361,-8.50619986802693,-2.14059105120714,TRUE,8.77140617252043,194.125222926583,Nystrom,21,23,44.0089999996126,2,FIX
65,5784630.073,684.571,636.1881,NA,1,1,NA,TH34,img_Europe_labelled,TRUE,Nystrom_TH34_img_Europe_labelled_9,86.0190000003204,16,-8.51093099944904,-2.1219172025022,TRUE,8.7714582078271,193.999390116261,Nystrom,22,23,46.0099999997765,2,FIX
66,5784632.076,685.6005,636.1157,NA,1,1,NA,TH34,img_Europe_labelled,TRUE,Nystrom_TH34_img_Europe_labelled_9,88.0220000008121,18.0030000004917,-8.47826366343929,-2.12421454599623,TRUE,8.74032277345733,194.065806958125,Nystrom,22,23,48.0130000002682,2,FIX
67,5784634.078,685.4825,635.8695,NA,1,1,NA,TH34,img_Europe_labelled,TRUE,Nystrom_TH34_img_Europe_labelled_9,90.0240000002086,20.0049999998882,-8.48200795255939,-2.13202678312648,TRUE,8.74585599648482,194.109490354207,Nystrom,22,23,50.0149999996647,2,FIX
68,5784636.08,685.1446,635.7567,NA,1,1,NA,TH34,img_Europe_labelled,TRUE,Nystrom_TH34_img_Europe_labelled_9,92.0260000005364,22.0070000002161,-8.49272994657367,-2.1356060696752,TRUE,8.75712711054617,194.115101060322,Nystrom,22,23,52.0169999999925,2,FIX
69,5784638.081,685.1523,635.9423,NA,1,1,NA,TH34,img_Europe_labelled,TRUE,Nystrom_TH34_img_Europe_labelled_9,94.0270000007004,24.00800000038,-8.49248561584295,-2.12971674712696,TRUE,8.75545574817738,194.0781148062,Nystrom,22,23,54.0180000001565,2,FIX
70,5784640.075,685.6134,636.1312,NA,1,1,NA,TH34,img_Europe_labelled,TRUE,Nystrom_TH34_img_Europe_labelled_9,96.0210000006482,26.0020000003278,-8.47785433013717,-2.12372271140842,TRUE,8.73980618766672,194.063331481514,Nystrom,21,23,56.0120000001043,2,FIX
71,5784642.072,686.0764,636.4503,NA,1,1,NA,TH34,img_Europe_labelled,TRUE,Nystrom_TH34_img_Europe_labelled_9,98.0180000001565,27.9989999998361,-8.46316275503031,-2.11359726515226,TRUE,8.72309676762739,194.022266595857,Nystrom,21,23,58.0089999996126,2,FIX
72,5784644.072,686.691,636.1957,NA,1,1,NA,TH34,img_Europe_labelled,TRUE,Nystrom_TH34_img_Europe_labelled_9,100.018000000156,29.9989999998361,-8.44366072034202,-2.12167604489785,TRUE,8.70614240635542,194.104947096666,Nystrom,21,23,60.0089999996126,2,FIX
73,5784646.072,686.3915,636.3857,NA,1,1,NA,TH34,img_Europe_labelled,TRUE,Nystrom_TH34_img_Europe_labelled_9,102.018000000156,31.9989999998361,-8.45316423382908,-2.1156471047892,TRUE,8.71389397663812,194.051272455425,Nystrom,22,23,62.0089999996126,2,FIX
74,5784648.075,686.0564,637.1542,NA,1,1,NA,TH34,img_Europe_labelled,TRUE,Nystrom_TH34_img_Europe_labelled_9,104.021000000648,34.0020000003278,-8.4637973803049,-2.09126162861291,TRUE,8.7183278955408,193.878842850558,Nystrom,22,23,64.0120000001043,2,FIX
75,5784650.074,686.0458,638.1082,NA,1,1,NA,TH34,img_Europe_labelled,TRUE,Nystrom_TH34_img_Europe_labelled_9,106.020000000484,36.0010000001639,-8.46413373170044,-2.06099000301475,TRUE,8.71144302745739,193.685025868351,Nystrom,21,23,66.0109999999404,2,FIX
76,5784652.073,685.927,638.6456,NA,1,1,NA,TH34,img_Europe_labelled,TRUE,Nystrom_TH34_img_Europe_labelled_9,108.01900000032,38,-8.46790340583153,-2.0439376218864,TRUE,8.71108885803927,193.570184632129,Nystrom,22,23,68.0099999997765,2,FIX
77,5784654.073,686.0587,639.3274,NA,1,1,NA,TH34,img_Europe_labelled,TRUE,Nystrom_TH34_img_Europe_labelled_9,110.01900000032,40,-8.46372439839833,-2.02230324627547,TRUE,8.70197340331142,193.438171614166,Nystrom,22,23,70.0099999997765,2,FIX
78,5784656.082,686.4754,639.6492,NA,1,1,NA,TH34,img_Europe_labelled,TRUE,Nystrom_TH34_img_Europe_labelled_9,112.028000000864,42.0090000005439,-8.45050198080215,-2.01209212560725,TRUE,8.68674268350754,193.392933071552,Nystrom,22,23,72.0190000003204,2,FIX
79,5784658.083,686.8106,639.1501,NA,1,1,NA,TH34,img_Europe_labelled,TRUE,Nystrom_TH34_img_Europe_labelled_9,114.029000000097,44.0099999997765,-8.43986566119995,-2.02792919933476,TRUE,8.68008232775568,193.510890345564,Nystrom,21,23,74.019999999553,2,FIX
80,5784660.081,686.2988,639.1259,NA,1,1,NA,TH34,img_Europe_labelled,TRUE,Nystrom_TH34_img_Europe_labelled_9,116.0270000007,46.00800000038,-8.45610572197682,-2.02869709591701,TRUE,8.69605289129679,193.490811097602,Nystrom,22,23,76.0180000001565,2,FIX
81,5784662.081,686.4256,639.1507,NA,1,1,NA,TH34,img_Europe_labelled,TRUE,Nystrom_TH34_img_Europe_labelled_9,118.0270000007,48.00800000038,-8.45208219773589,-2.02791016057652,TRUE,8.69195680480831,193.491954276109,Nystrom,22,23,78.0180000001565,2,FIX
82,5784664.081,686.1718,639.8428,NA,1,1,NA,TH34,img_Europe_labelled,TRUE,Nystrom_TH34_img_Europe_labelled_9,120.0270000007,50.00800000038,-8.4601355924705,-2.00594895294917,TRUE,8.69469524738067,193.33884764776,Nystrom,22,23,80.0180000001565,2,FIX
83,5784666.083,686.2692,640.1923,NA,1,1,NA,TH34,img_Europe_labelled,TRUE,Nystrom_TH34_img_Europe_labelled_9,122.029000000097,52.0099999997765,-8.45704496738322,-1.99485887627564,TRUE,8.68913525712413,193.272394666821,Nystrom,22,23,82.019999999553,2,FIX
84,5784668.083,686.3475,640.3615,NA,1,1,NA,TH34,img_Europe_labelled,TRUE,Nystrom_TH34_img_Europe_labelled_9,124.029000000097,54.0099999997765,-8.45456040943318,-1.98948994645257,TRUE,8.68548570684397,193.241686130694,Nystrom,21,23,84.019999999553,2,FIX
85,5784670.082,685.7069,639.7373,NA,1,1,NA,TH34,img_Europe_labelled,TRUE,Nystrom_TH34_img_Europe_labelled_9,126.028000000864,56.0090000005439,-8.47488745697844,-2.00929660127266,TRUE,8.70982148154234,193.337886836109,Nystrom,21,23,86.0190000003204,2,FIX
86,5784672.082,685.5117,639.992,NA,1,1,NA,TH34,img_Europe_labelled,TRUE,Nystrom_TH34_img_Europe_labelled_9,128.028000000864,58.0090000005439,-8.48108139965848,-2.0012146484007,TRUE,8.71398885566229,193.276784912897,Nystrom,22,23,88.0190000003204,2,FIX
87,5784674.09,685.5818,640.1331,NA,1,1,NA,TH34,img_Europe_labelled,TRUE,Nystrom_TH34_img_Europe_labelled_9,130.036000000313,60.0169999999925,-8.47885703807103,-1.99673736708844,TRUE,8.71079656433175,193.251482516157,Nystrom,22,23,90.026999999769,2,FIX
88,5784676.089,685.0763,640.0754,NA,1,1,NA,TH34,img_Europe_labelled,TRUE,Nystrom_TH34_img_Europe_labelled_9,132.035000000149,62.0159999998286,-8.49489719188641,-1.99856826100564,TRUE,8.72682951561555,193.239043106514,Nystrom,22,23,92.0259999996051,2,FIX
89,5784678.09,685.0051,640.074,NA,1,1,NA,TH34,img_Europe_labelled,TRUE,Nystrom_TH34_img_Europe_labelled_9,134.036000000313,64.0169999999925,-8.49715645786396,-1.99861268477486,TRUE,8.72903892379695,193.235930802573,Nystrom,22,23,94.026999999769,2,FIX
90,5784680.088,684.884,640.7543,NA,1,1,NA,TH34,img_Europe_labelled,TRUE,Nystrom_TH34_img_Europe_labelled_9,136.034000000916,66.015000000596,-8.50099911390163,-1.97702590605953,TRUE,8.72786442194119,193.092208726277,Nystrom,21,23,96.0250000003725,2,FIX
91,5784682.083,684.2983,640.2714,NA,1,1,NA,TH34,img_Europe_labelled,TRUE,Nystrom_TH34_img_Europe_labelled_9,138.029000000097,68.0099999997765,-8.51958411506813,-1.99234893331462,TRUE,8.74944385465734,193.162375186662,Nystrom,22,23,98.019999999553,2,FIX
92,5784684.082,684.2911,640.4924,NA,1,1,NA,TH34,img_Europe_labelled,TRUE,Nystrom_TH34_img_Europe_labelled_9,140.028000000864,70.0090000005439,-8.51981258016698,-1.98533632403035,TRUE,8.74807217166651,193.117311763858,Nystrom,21,23,100.01900000032,2,FIX
93,5784686.083,684.2657,639.9462,NA,1,1,NA,TH34,img_Europe_labelled,TRUE,Nystrom_TH34_img_Europe_labelled_9,142.029000000097,72.0099999997765,-8.52061855426572,-2.00266794027952,TRUE,8.75280637431908,193.226606799977,Nystrom,22,23,102.019999999553,2,FIX
94,5784688.081,684.1175,640.3181,NA,1,1,NA,TH34,img_Europe_labelled,TRUE,Nystrom_TH34_img_Europe_labelled_9,144.0270000007,74.00800000038,-8.52532112755047,-1.99086708329844,TRUE,8.75469314546316,193.144382152895,Nystrom,22,23,104.018000000156,2,FIX
95,5784690.082,683.6663,639.5675,NA,1,1,NA,TH34,img_Europe_labelled,TRUE,Nystrom_TH34_img_Europe_labelled_9,146.028000000864,76.0090000005439,-8.53963827374532,-2.01468456985397,TRUE,8.77407406866523,193.274577697234,Nystrom,22,23,106.01900000032,2,FIX
96,5784692.082,682.5606,640.1452,NA,1,1,NA,TH34,img_Europe_labelled,TRUE,Nystrom_TH34_img_Europe_labelled_9,148.028000000864,78.0090000005439,-8.57472353205127,-1.99635341879731,TRUE,8.80405080765993,193.106039012266,Nystrom,21,23,108.01900000032,2,FIX
97,5784694.082,681.9973,639.9212,NA,1,1,NA,TH34,img_Europe_labelled,TRUE,Nystrom_TH34_img_Europe_labelled_9,150.028000000864,80.0090000005439,-8.59259775291022,-2.00346122187276,TRUE,8.82307163128951,193.124673848344,Nystrom,21,23,110.01900000032,2,FIX
98,5784696.082,681.4335,640.0856,NA,1,1,NA,TH34,img_Europe_labelled,TRUE,Nystrom_TH34_img_Europe_labelled_9,152.028000000864,82.0090000005439,-8.61048783940104,-1.9982446021156,TRUE,8.83931458442098,193.065411747609,Nystrom,21,23,112.01900000032,2,FIX
